{"179":[[0.2691197691197691,0.9567099567099567]],"428":[[0.9271284271284271,0.05303030303030303]]}