{"15":[[0.11904761904761904,0.2305194805194805]],"282":[[0.9502164502164502,0.04004329004329004]]}