{"375":[[0.2768157768157768,0.6601731601731602]],"398":[[0.2922077922077922,0.9880952380952381]]}