{"3":[[0.9106488123704767,0.043041606886657105]],"3474":[[0.9234018810776343,0.8780487804878049]]}