{"203":[[0.7328042328042328,0.8474025974025974]],"265":[[0.2671957671957672,0.9718614718614719]]}