{"125":[[0.3859734369938452,0.18658892128279883]],"357":[[0.7669258179462262,0.43002915451895046]]}