{"37":[[0.054881133029843196,0.03338391502276176]],"475":[[0.6402798853481706,0.1411229135053111]],"700":[[0.5026976901028495,0.44157814871016693]]}