{"15":[[0.48704243602202785,0.8513119533527697]],"265":[[0.2330741820537739,0.9548104956268222]]}