{"35":[[0.729303658742202,0.7784522003034902]],"43":[[0.9640026976901028,0.021244309559939303]],"88":[[0.7131175181251054,0.13353566009104703]],"93":[[0.9478165570730063,0.06525037936267071]],"124":[[0.9235373461473613,0.18361153262518967]]}