{"70":[[0.4395313681027967,0.6972789115646258]],"625":[],"656":[[0.2218442932728647,0.9608843537414966]]}