{"48":[[0.2671957671957672,0.7721088435374149]],"550":[[0.36999244142101284,0.7721088435374149]]}