{"77":[[0.9453684453684453,0.036382536382536385]],"217":[[0.7772002772002772,0.2972972972972973],[0.779048279048279,0.2972972972972973]]}