{"28":[[0.6635401635401635,0.8614718614718615]],"32":[[0.7732082732082732,0.775974025974026]],"42":[[0.6731601731601732,0.48917748917748916]],"49":[[0.7693602693602694,0.8755411255411255]],"95":[[0.05747955747955748,0.21645021645021645]],"593":[[0.2594997594997595,0.9696969696969697],[0.2594997594997595,0.9707792207792207],[0.25757575757575757,0.9707792207792207],[0.25565175565175563,0.9707792207792207]],"868":[[0.0594035594035594,0.8322510822510822]]}